Ref,Val,Package,PosX,PosY,Rot,Side
"BT1","Battery_Holder_MS621FE-FL11E","MS621FE-FL11E",136.098313,-72.770000,-90.000000,bottom
"C5","C_22u_25V_0805","C_0805_2012Metric",62.675000,-92.950000,0.000000,bottom
"C7","C_100n_0402","C_0402_1005Metric",106.400000,-87.870000,90.000000,bottom
"C8","C_100n_0402","C_0402_1005Metric",106.000000,-92.020000,180.000000,bottom
"C13","C_220n_0402","C_0402_1005Metric",126.735000,-83.750000,0.000000,bottom
"C14","C_220n_0402","C_0402_1005Metric",126.735000,-86.750000,0.000000,bottom
"C15","C_220n_0402","C_0402_1005Metric",126.735000,-89.750000,0.000000,bottom
"C16","C_220n_0402","C_0402_1005Metric",126.750000,-92.750000,0.000000,bottom
"C17","C_220n_0402","C_0402_1005Metric",126.735000,-84.750000,0.000000,bottom
"C18","C_220n_0402","C_0402_1005Metric",126.735000,-87.750000,0.000000,bottom
"C19","C_220n_0402","C_0402_1005Metric",126.735000,-90.750000,0.000000,bottom
"C20","C_220n_0402","C_0402_1005Metric",126.750000,-93.750000,0.000000,bottom
"C21","C_10u_0603","C_0603_1608Metric",114.450000,-77.950000,180.000000,bottom
"C22","C_10u_0603","C_0603_1608Metric",114.500000,-91.500000,180.000000,bottom
"C23","C_10u_0603","C_0603_1608Metric",114.500000,-93.000000,180.000000,bottom
"C24","C_10u_0603","C_0603_1608Metric",114.500000,-95.000000,180.000000,bottom
"C25","C_100n_0402","C_0402_1005Metric",114.600000,-80.400000,0.000000,bottom
"C40","C_100n_0402","C_0402_1005Metric",66.460000,-81.310000,180.000000,bottom
"C41","C_100n_0402","C_0402_1005Metric",67.680000,-78.710000,180.000000,bottom
"C50","C_100n_0402","C_0402_1005Metric",49.030000,-82.190000,0.000000,bottom
"C77","C_10n_0603","C_0603_1608Metric",38.290000,-113.140000,90.000000,bottom
"C78","C_100n_0402","C_0402_1005Metric",39.608000,-117.856000,-90.000000,bottom
"C83","C_10u_0402","C_0402_1005Metric",60.070000,-86.310000,180.000000,bottom
"C104","C_100n_0402","C_0402_1005Metric",87.000000,-110.300000,90.000000,bottom
"C116","C_10u_0402","C_0402_1005Metric",59.900000,-78.950000,0.000000,bottom
"C117","C_10u_0402","C_0402_1005Metric",56.300000,-77.200000,0.000000,bottom
"C118","C_100n_0402","C_0402_1005Metric",65.300000,-76.500000,180.000000,bottom
"C119","C_100n_0402","C_0402_1005Metric",65.300000,-75.500000,0.000000,bottom
"C124","C_100n_0402","C_0402_1005Metric",71.300000,-75.700000,90.000000,bottom
"C130","C_100n_0402","C_0402_1005Metric",140.010000,-126.600000,180.000000,bottom
"C134","C_10u_25V_0603","C_0603_1608Metric",76.260000,-79.550000,-90.000000,bottom
"C137","C_10u_0402","C_0402_1005Metric",71.200000,-80.600000,180.000000,bottom
"C142","C_1u_0402","C_0402_1005Metric",62.030000,-84.360000,90.000000,bottom
"C150","C_1u_25V_0402","C_0402_1005Metric",47.300000,-80.100000,90.000000,bottom
"C160","C_1n_0402","C_0402_1005Metric",55.250000,-82.750000,90.000000,bottom
"C1308","100n","C_0402_1005Metric",119.350000,-54.000000,0.000000,bottom
"C1309","100n","C_0402_1005Metric",119.350000,-52.500000,0.000000,bottom
"C1310","100n","C_0402_1005Metric",119.350000,-51.000000,0.000000,bottom
"C1311","100n","C_0402_1005Metric",119.350000,-49.500000,0.000000,bottom
"C1320","27p","C_0402_1005Metric",109.750000,-59.200000,180.000000,bottom
"C1321","27p","C_0402_1005Metric",116.150000,-57.500000,0.000000,bottom
"D22","TPD1E0B04_XDFN-2","XDFN-2_1x0.60mm",130.250000,-94.780000,0.000000,bottom
"D23","TPD1E0B04_XDFN-2","XDFN-2_1x0.60mm",128.950000,-94.500000,180.000000,bottom
"D29","DF2S30FS_SOD","SOD-923",53.400000,-76.800000,90.000000,bottom
"D30","ESD9X5.0ST5G","SOD-923",69.800000,-81.000000,-90.000000,bottom
"D31","ESD9X5.0ST5G","SOD-923",63.580000,-84.140000,180.000000,bottom
"D34","RB521S30T1G","SOD-523",55.250000,-80.750000,90.000000,bottom
"D36","RB521S30T1G","SOD-523",58.950000,-77.350000,0.000000,bottom
"D37","RB521S30T1G","SOD-523",56.600000,-78.800000,0.000000,bottom
"D54","LED_G_0603_LTST-C190GKT","LED_0603_1608Metric_G",136.700000,-126.000000,90.000000,bottom
"D55","TPD1E0B04_XDFN-2","XDFN-2_1x0.60mm",101.500000,-123.800000,0.000000,bottom
"D58","TPD1E0B04_XDFN-2","XDFN-2_1x0.60mm",120.250000,-127.100000,0.000000,bottom
"D59","TPD1E0B04_XDFN-2","XDFN-2_1x0.60mm",126.250000,-127.150000,0.000000,bottom
"J2","Bus_M.2_1-2199230-6","Bus_M.2_Socket_Key_M_TE_1-2199230-6",120.591000,-86.751000,90.000000,bottom
"J14","JST_SH_1x4_SM04B-SRSS-TB-LF-SN","Conn_JST_SH_1x4_SM04B-SRSS-TB-LF-SN",131.650000,-125.651000,180.000000,bottom
"J1001","STACK_2x20","PinHeader_2x20_P2.54mm_Vertical",71.120000,-64.979999,-90.000000,bottom
"Q5","PJE138K","SOT-523",59.360000,-88.900000,0.000000,bottom
"Q6","SSM3J332R","SOT-23-3",58.885627,-92.050000,-90.000000,bottom
"Q7","PJE138K","SOT-523",61.000000,-73.100000,90.000000,bottom
"Q8","PJE138K","SOT-523",71.400000,-71.200000,0.000000,bottom
"Q11","PJE138K","SOT-523",65.210000,-73.850000,90.000000,bottom
"Q14","BCM857BS-7-F","SOT-363",43.700000,-74.675000,0.000000,bottom
"Q16","SSM3J332R","SOT-23-3",42.800000,-77.975000,180.000000,bottom
"Q18","SSM3J332R","SOT-23-3",49.625000,-80.100000,0.000000,bottom
"Q22","PJE138K","SOT-523",48.700000,-74.300000,180.000000,bottom
"Q1001","SSM3J332R","SOT-23-3",64.250000,-65.750000,0.000000,bottom
"Q1004","PJE138K","SOT-523",60.250000,-65.750000,0.000000,bottom
"R1","R_0R_0402","R_0402_1005Metric",90.000000,-112.600000,90.000000,bottom
"R13","R_0R_0402","R_0402_1005Metric",111.600000,-92.000000,90.000000,bottom
"R16","R_0R_0402","R_0402_1005Metric",111.600000,-90.020000,90.000000,bottom
"R17","R_0R_0402","R_0402_1005Metric",109.000000,-85.420000,0.000000,bottom
"R18","R_0R_0402","R_0402_1005Metric",106.400000,-89.820000,-90.000000,bottom
"R19","R_0R_0402","R_0402_1005Metric",112.500000,-80.400000,0.000000,bottom
"R25","R_4x0R_0201_array","R_Array_4x0201_Panasonic_EXB18V",90.135000,-106.250000,0.000000,bottom
"R80","R_4k7_0402","R_0402_1005Metric",68.100000,-83.300000,180.000000,bottom
"R143","R_0R_22.4A_0603","R_0603_1608Metric",119.560000,-99.990000,-90.000000,bottom
"R147","R_200R_0402","R_0402_1005Metric",38.608000,-117.856000,90.000000,bottom
"R151","R_200R_0402","R_0402_1005Metric",42.200000,-119.300000,90.000000,bottom
"R152","R_200R_0402","R_0402_1005Metric",41.200000,-119.300000,90.000000,bottom
"R164","R_4k7_0402","R_0402_1005Metric",46.300000,-80.100000,90.000000,bottom
"R165","R_4k7_0402","R_0402_1005Metric",46.841428,-81.615000,180.000000,bottom
"R181","R_10k_0402","R_0402_1005Metric",57.425000,-94.150000,180.000000,bottom
"R189","R_10k_0402","R_0402_1005Metric",140.700000,-123.000000,0.000000,bottom
"R190","R_15k_0402","R_0402_1005Metric",138.800000,-123.000000,180.000000,bottom
"R191","R_200R_0402","R_0402_1005Metric",136.800000,-124.060000,0.000000,bottom
"R195","R_4x0R_0201_array","R_Array_4x0201_Panasonic_EXB18V",91.600000,-112.250000,180.000000,bottom
"R215","R_0R_0402","R_0402_1005Metric",87.000000,-112.600000,90.000000,bottom
"R216","R_0R_0402","R_0402_1005Metric",88.000000,-112.600000,90.000000,bottom
"R217","R_0R_0402","R_0402_1005Metric",87.300000,-106.600000,-90.000000,bottom
"R218","R_0R_0402","R_0402_1005Metric",86.600000,-108.200000,180.000000,bottom
"R219","R_10k_0402","R_0402_1005Metric",89.000000,-112.600000,-90.000000,bottom
"R236","R_200R_0402","R_0402_1005Metric",56.840000,-80.700000,0.000000,bottom
"R249","R_100k_0402","R_0402_1005Metric",59.340000,-74.900000,0.000000,bottom
"R251","R_10k_0402","R_0402_1005Metric",46.540000,-73.475000,180.000000,bottom
"R255","R_10k_0402","R_0402_1005Metric",46.540000,-74.475000,180.000000,bottom
"R256","R_1k_0402","R_0402_1005Metric",58.900000,-79.950000,0.000000,bottom
"R257","R_200k_0402","R_0402_1005Metric",56.300000,-76.200000,0.000000,bottom
"R258","R_200k_0402","R_0402_1005Metric",61.800000,-78.950000,0.000000,bottom
"R259","R_10k_0402","R_0402_1005Metric",67.700000,-72.900000,0.000000,bottom
"R260","R_0R_0402","R_0402_1005Metric",65.300000,-77.500000,180.000000,bottom
"R261","R_200k_0402","R_0402_1005Metric",72.300000,-75.700000,90.000000,bottom
"R268","R_0R_0402","R_0402_1005Metric",58.650000,-86.770000,90.000000,bottom
"R273","R_0R_0603","R_0603_1608Metric",70.900000,-79.400000,180.000000,bottom
"R274","R_100k_0402","R_0402_1005Metric",53.230000,-78.610000,90.000000,bottom
"R275","R_10k_0402","R_0402_1005Metric",54.300000,-78.590000,90.000000,bottom
"R276","R_0R_0603","R_0603_1608Metric",62.800000,-82.700000,0.000000,bottom
"R283","R_560R_0402","R_0402_1005Metric",55.075000,-84.250000,0.000000,bottom
"R284","R_560R_0402","R_0402_1005Metric",53.780000,-83.200000,0.000000,bottom
"R285","R_100k_0402","R_0402_1005Metric",50.400000,-74.300000,-90.000000,bottom
"R294","R_2k2_0402","R_0402_1005Metric",131.600000,-70.900000,180.000000,bottom
"R1304","10k","R_0402_1005Metric",116.150000,-59.150000,0.000000,bottom
"R1305","10k","R_0402_1005Metric",114.050000,-46.150000,90.000000,bottom
"R1308","75","R_0603_1608Metric",131.150000,-54.500000,0.000000,bottom
"R1309","75","R_0603_1608Metric",127.750000,-54.500000,0.000000,bottom
"SP8","Spacer_Drill3.7mm_H2.5mm_9774025151R","Spacer_Drill3.7mm_H2.5mm_9774025151R",40.750000,-86.750000,180.000000,bottom
"SW1","SW_SPDT_PCM12SMTR","PCM12SMTR",55.389500,-72.796000,0.000000,bottom
"U4","NTS0102_XSON","XSON-8_1x1.95mm_P0.5mm",66.800000,-79.990000,90.000000,bottom
"U34","PCAL6408A_VQFN","VQFN-16-1EP_3x3mm_P0.5mm_EP1.68x1.68mm",89.500000,-109.500000,-90.000000,bottom
"U35","AP22653_DFN","DFN-6-1EP_2x2mm_P0.65mm_EP1x1.6mm",139.530000,-124.820000,0.000000,bottom
"U37","74LVC2G14_SOT457","SOT-23-6",62.050000,-76.600000,90.000000,bottom
"U38","74LVC1G175_SOT457","SOT-23-6",68.500000,-75.250000,-90.000000,bottom
"U41","NCP730BMT330_WSON","WSON-6-1EP_2x2mm_P0.65mm",73.800000,-80.100000,0.000000,bottom
"U42","TPS7A0518P_SOT23-5","SOT-23-5",59.600000,-83.850000,90.000000,bottom
"U48","TPS259474","VQFN-HR-10_2x2mm",52.875000,-81.075000,-90.000000,bottom
"Y1","Oscillator_32.768kHz_ECS_2520MV","Oscillator_SMD_ECS_2520MV_2.5x2mm",112.014000,-83.058000,90.000000,bottom
"Y1301","25MHz","Crystal_SMD_3225-4Pin_3.2x2.5mm",112.950000,-58.349999,0.000000,bottom
"C1","C_Pol_100u_25V_KEMET-T521-D-107","C_Pol_EIA-X",63.505000,-83.590000,0.000000,top
"C2","C_Pol_100u_25V_KEMET-T521-D-107","C_Pol_EIA-X",63.505000,-88.430000,0.000000,top
"C6","C_100n_0402","C_0402_1005Metric",62.690000,-94.350000,180.000000,top
"C9","C_220n_0402","C_0402_1005Metric",127.050000,-94.200000,180.000000,top
"C10","C_220n_0402","C_0402_1005Metric",127.050000,-95.200000,180.000000,top
"C11","C_10u_0603","C_0603_1608Metric",113.950000,-86.650000,180.000000,top
"C12","C_10u_0603","C_0603_1608Metric",114.700000,-102.850000,90.000000,top
"C44","C_100n_0402","C_0402_1005Metric",58.180000,-105.210000,90.000000,top
"C48","C_100n_0402","C_0402_1005Metric",55.540000,-104.870000,-90.000000,top
"C93","C_1u_0402","C_0402_1005Metric",63.310000,-100.520000,180.000000,top
"C102","C_100n_0402","C_0402_1005Metric",65.750000,-95.820000,-90.000000,top
"C103","C_22u_16V_0603","C_0603_1608Metric_EIA",55.280000,-94.630000,90.000000,top
"C120","C_22u_16V_0603","C_0603_1608Metric_EIA",56.640000,-94.630000,90.000000,top
"C121","C_100n_0402","C_0402_1005Metric",74.070000,-89.440000,-90.000000,top
"C122","C_22u_25V_0805","C_0805_2012Metric",71.580000,-86.820000,0.000000,top
"C123","C_1u_0402","C_0402_1005Metric",80.230000,-89.130000,-90.000000,top
"C125","C_100n_0402","C_0402_1005Metric",75.420000,-86.340000,0.000000,top
"C126","C_22u_16V_0603","C_0603_1608Metric_EIA",71.250000,-91.670000,-90.000000,top
"C127","C_22u_16V_0603","C_0603_1608Metric_EIA",69.925000,-91.670000,-90.000000,top
"C128","C_22u_16V_0603","C_0603_1608Metric_EIA",72.575000,-91.670000,-90.000000,top
"C129","C_22u_16V_0603","C_0603_1608Metric_EIA",58.000000,-94.630000,90.000000,top
"C151","C_22u_25V_0805","C_0805_2012Metric",71.580000,-88.630000,0.000000,top
"C152","C_22u_25V_0805","C_0805_2012Metric",62.680000,-92.950000,0.000000,top
"C153","C_22u_16V_0603","C_0603_1608Metric_EIA",59.360000,-94.630000,90.000000,top
"C154","C_22u_16V_0603","C_0603_1608Metric_EIA",73.890000,-91.670000,-90.000000,top
"C155","C_4u7_25V_0402","C_0402_1005Metric",80.230000,-91.040000,-90.000000,top
"C156","C_4u7_25V_0402","C_0402_1005Metric",61.390000,-100.520000,180.000000,top
"C157","C_100n_0402","C_0402_1005Metric",68.670000,-99.420000,-90.000000,top
"C161","C_1n_16V_X7R_0402","C_0402_1005Metric",54.810000,-89.625000,90.000000,top
"C1001","100n","C_0402_1005Metric",84.000000,-61.250000,90.000000,top
"C1002","100n","C_0402_1005Metric",81.250000,-58.750000,0.000000,top
"C1101","2.2n","C_0402_1005Metric",68.250000,-59.250000,90.000000,top
"C1102","4.7n","C_0402_1005Metric",63.000000,-59.750000,90.000000,top
"C1103","10u 25V","C_1206_3216Metric",73.250000,-61.450000,0.000000,top
"C1104","10u 25V","C_1206_3216Metric",73.250000,-59.050000,0.000000,top
"C1105","100n 50V","C_0402_1005Metric",68.650000,-61.500000,0.000000,top
"C1106","22u 25V","C_1210_3225Metric",60.750000,-65.550000,180.000000,top
"C1107","22u 25V","C_1210_3225Metric",55.150000,-65.550000,180.000000,top
"C1108","100n 50V","C_0402_1005Metric",62.750000,-62.450000,180.000000,top
"C1201","100p","C_0402_1005Metric",36.250000,-50.000000,90.000000,top
"C1202","2.2u 100V","C_1210_3225Metric",51.750000,-51.950000,0.000000,top
"C1203","2.2u 100V","C_1210_3225Metric",51.750000,-48.450000,0.000000,top
"C1204","2.2u 100V","C_1210_3225Metric",51.750000,-44.950000,0.000000,top
"C1205","22u 100V","CP_Elec_8x10.5",60.350000,-44.250000,0.000000,top
"C1206","10u 25V","C_1206_3216Metric",37.000000,-56.000000,90.000000,top
"C1207","10u 25V","C_1206_3216Metric",33.750000,-53.250000,90.000000,top
"C1208","100n 50V","C_0402_1005Metric",40.500000,-46.500000,0.000000,top
"C1209","2.2u 16V","C_0603_1608Metric",39.750000,-53.825000,180.000000,top
"C1210","47n","C_0402_1005Metric",31.750000,-47.500000,90.000000,top
"C1211","10n","C_0402_1005Metric",46.000000,-44.000000,90.000000,top
"C1212","330p","C_0402_1005Metric",46.250000,-47.250000,90.000000,top
"C1213","100n 50V","C_0402_1005Metric",37.000000,-100.250000,90.000000,top
"C1214","100n 100V","C_0805_2012Metric",36.500000,-94.250000,90.000000,top
"C1215","10n","C_0402_1005Metric",32.000000,-56.750000,0.000000,top
"C1216","100n 100V","C_0805_2012Metric",34.250000,-88.750000,0.000000,top
"C1217","1n 2kV","C_1206_3216Metric",44.350000,-102.490000,0.000000,top
"C1301","10u 10V","C_0603_1608Metric",119.350000,-42.750000,0.000000,top
"C1302","100n","C_0402_1005Metric",112.000000,-46.150000,90.000000,top
"C1303","100n","C_0402_1005Metric",108.150000,-48.650000,180.000000,top
"C1304","100n","C_0402_1005Metric",108.150000,-52.000000,180.000000,top
"C1305","100n","C_0402_1005Metric",113.800000,-58.349999,-90.000000,top
"C1306","100n","C_0402_1005Metric",116.650000,-42.750000,0.000000,top
"C1307","1u","C_0402_1005Metric",114.850000,-58.349999,-90.000000,top
"C1312","10u 10V","C_0603_1608Metric",115.350000,-45.849999,90.000000,top
"C1313","100n","C_0402_1005Metric",111.750000,-58.349999,-90.000000,top
"C1314","100n","C_0402_1005Metric",115.900000,-58.349999,-90.000000,top
"C1315","100n","C_0402_1005Metric",108.150000,-55.599999,180.000000,top
"C1316","100n","C_0402_1005Metric",113.050000,-46.150000,90.000000,top
"C1317","100n","C_0402_1005Metric",110.950000,-46.150000,90.000000,top
"C1318","1u","C_0402_1005Metric",118.000000,-58.349999,-90.000000,top
"C1319","100n","C_0402_1005Metric",108.150000,-53.400000,180.000000,top
"C1322","10n","C_0603_1608Metric",132.750000,-62.500000,0.000000,top
"C1323","1n 2kV","C_1206_3216Metric",143.500000,-53.500000,90.000000,top
"C1324","100n","C_0402_1005Metric",121.950000,-50.150000,90.000000,top
"D1","LED_G_0603_LTST-C190GKT","LED_0603_1608Metric_G",132.000000,-101.950000,-90.000000,top
"D26","LED_G_0603_LTST-C190GKT","LED_0603_1608Metric_G",134.700000,-127.200000,-90.000000,top
"D27","LED_G_0603_LTST-C190GKT","LED_0603_1608Metric_G",132.800000,-127.200000,-90.000000,top
"D32","ESD9X5.0ST5G","SOD-923",60.925000,-91.400000,0.000000,top
"D33","ESD9X5.0ST5G","SOD-923",68.900000,-87.925000,90.000000,top
"D51","LED_G_0603_LTST-C190GKT","LED_0603_1608Metric_G",129.100000,-101.950000,-90.000000,top
"D52","LED_G_0603_LTST-C190GKT","LED_0603_1608Metric_G",130.550000,-101.950000,-90.000000,top
"D53","LED_G_0603_LTST-C190GKT","LED_0603_1608Metric_G",59.300000,-123.400000,90.000000,top
"D56","TPD1E0B04_XDFN-2","XDFN-2_1x0.60mm",130.190000,-123.340000,90.000000,top
"D57","TPD1E0B04_XDFN-2","XDFN-2_1x0.60mm",131.400000,-123.340000,90.000000,top
"D60","TPD1E0B04_XDFN-2","XDFN-2_1x0.60mm",67.600000,-125.950000,90.000000,top
"D61","TPD1E0B04_XDFN-2","XDFN-2_1x0.60mm",87.300000,-127.050000,90.000000,top
"D62","LED_G_0603_LTST-C190GKT","LED_0603_1608Metric_G",47.000000,-105.025000,-90.000000,top
"D1201","SS2H10","D_SMB",51.350000,-56.150000,180.000000,top
"D1202","SMBJ58A","D_SMB",58.750000,-52.750000,0.000000,top
"D1203","SMBJ58A","D_SMB",34.750000,-104.350000,0.000000,top
"H1","Spacer_Drill3.7mm_H6.5mm_9774065151R","Spacer_Drill3.7mm_H6.5mm_9774065151R",60.925000,-118.100000,0.000000,top
"H2","Spacer_Drill3.7mm_H6.5mm_9774065151R","Spacer_Drill3.7mm_H6.5mm_9774065151R",124.525000,-118.112500,0.000000,top
"J1","Bus_M.2_2199230-6","Bus_M.2_Socket_Key_E_TE_2199230-6",120.730000,-95.120000,-90.000000,top
"J6","Bus_RJ45_5-2337992-8","RJ45_X-2337992-8_Horizontal",33.435000,-108.616397,0.000000,top
"J10","Molex_PicoBlade_1x4_0533980471","Conn_Molex_PicoBlade_1x4_0533980471",51.930000,-109.950000,-90.000000,top
"J15","Bus_DDR4_SODIMM_CUSTOM_Jetson-Orin-H9.2mm-socket","TE_2309413",92.706000,-84.022500,0.000000,top
"J1301","LIDAR","RJ45_X-2337992-8_Horizontal",136.900000,-58.949500,180.000000,top
"L1","L_560n_17.7A_Bourns-SRP5030CA","L_Bourns-SRP5030CA",73.245000,-95.970000,180.000000,top
"L4","L_1u_20A_Bourns-SRP6050CA","L_Bourns-SRP6050CA",56.875000,-99.485000,180.000000,top
"L1201","47u","L_Coilcraft_XAL7070-XXX",43.250000,-58.750000,90.000000,top
"L1301","3.3u","L_1008_2520Metric",118.650000,-45.349999,0.000000,top
"Q9","PJE138K","SOT-523",136.300000,-121.340000,180.000000,top
"Q10","PJE138K","SOT-523",132.100000,-121.340000,180.000000,top
"Q1002","PJE138K","SOT-523",95.150000,-60.750000,0.000000,top
"Q1003","PJE138K","SOT-523",99.750000,-60.750000,0.000000,top
"Q1201","CSD19538Q3A","VSON-8_3.3x3.3mm_P0.65mm_NexFET",43.250000,-52.450000,-90.000000,top
"Q1202","CSD19538Q3A","VSON-8_3.3x3.3mm_P0.65mm_NexFET",33.750000,-99.850000,0.000000,top
"R14","R_0R_0402","R_0402_1005Metric",127.050000,-99.550000,180.000000,top
"R20","R_0R_0402","R_0402_1005Metric",129.300000,-91.250000,180.000000,top
"R21","R_4x0R_0201_array","R_Array_4x0201_Panasonic_EXB18V",120.346800,-112.200000,0.000000,top
"R22","R_4x0R_0201_array","R_Array_4x0201_Panasonic_EXB18V",114.550000,-94.250000,-90.000000,top
"R29","R_0R_0402","R_0402_1005Metric",114.400000,-97.000000,180.000000,top
"R39","R_200R_0402","R_0402_1005Metric",129.900000,-107.900000,-90.000000,top
"R52","R_0R_0402","R_0402_1005Metric",129.300000,-92.200000,180.000000,top
"R169","R_2k7_0402","R_0402_1005Metric",67.670000,-99.420000,90.000000,top
"R170","R_73k2_0402","R_0402_1005Metric",66.210000,-98.930000,180.000000,top
"R172","R_0R_22.4A_0603","R_0603_1608Metric",55.340000,-92.590000,0.000000,top
"R173","R_499k_0402","R_0402_1005Metric",75.420000,-84.340000,0.000000,top
"R176","R_499k_0402","R_0402_1005Metric",75.420000,-85.340000,0.000000,top
"R177","R_45k3_0402","R_0402_1005Metric",79.230000,-85.880000,90.000000,top
"R178","R_0R_22.4A_0603","R_0603_1608Metric",68.525000,-91.675000,90.000000,top
"R186","R_200R_0402","R_0402_1005Metric",127.900000,-107.900000,-90.000000,top
"R187","R_200R_0402","R_0402_1005Metric",128.900000,-107.900000,-90.000000,top
"R188","R_10k_0402","R_0402_1005Metric",61.000000,-121.900000,0.000000,top
"R222","R_100k_0402","R_0402_1005Metric",136.300000,-119.700000,0.000000,top
"R223","R_200R_0402","R_0402_1005Metric",134.700000,-121.100000,90.000000,top
"R230","R_100k_0402","R_0402_1005Metric",132.085000,-119.700000,0.000000,top
"R231","R_200R_0402","R_0402_1005Metric",133.700000,-121.100000,90.000000,top
"R232","R_10k_0402","R_0402_1005Metric",100.050000,-114.650000,-90.000000,top
"R237","R_499k_0402","R_0402_1005Metric",65.910000,-94.350000,0.000000,top
"R238","R_10k_0402","R_0402_1005Metric",80.230000,-87.220000,90.000000,top
"R239","R_499k_0402","R_0402_1005Metric",65.910000,-93.350000,0.000000,top
"R242","R_10k_0402","R_0402_1005Metric",99.050000,-114.650000,-90.000000,top
"R263","R_20k_0402","R_0402_1005Metric",68.670000,-97.500000,90.000000,top
"R264","R_0R_0402","R_0402_1005Metric",78.170000,-85.880000,-90.000000,top
"R269","R_10k_0402","R_0402_1005Metric",66.210000,-99.990000,0.000000,top
"R272","R_470k_0402","R_0402_1005Metric",57.510000,-92.770000,0.000000,top
"R286","R_470R_0402","R_0402_1005Metric",48.300000,-105.300000,90.000000,top
"R287","R_0R_22.4A_0603","R_0603_1608Metric",57.300000,-87.500000,0.000000,top
"R1001","100k","R_0402_1005Metric",97.500000,-60.750000,90.000000,top
"R1002","100k","R_0402_1005Metric",104.150000,-60.750000,90.000000,top
"R1003","33","R_0402_1005Metric",110.550000,-60.750000,90.000000,top
"R1004","33","R_0402_1005Metric",112.950000,-60.750000,90.000000,top
"R1101","150k","R_0402_1005Metric",65.000000,-64.000000,0.000000,top
"R1102","10k","R_0402_1005Metric",67.000000,-64.750000,90.000000,top
"R1103","665","R_0402_1005Metric",65.000000,-58.500000,0.000000,top
"R1201","0.025","R_1206_3216Metric",43.950000,-47.849999,90.000000,top
"R1202","634","R_0402_1005Metric",40.500000,-48.250000,0.000000,top
"R1203","73.2k","R_0402_1005Metric",34.250000,-49.500000,0.000000,top
"R1204","510k","R_0603_1608Metric",40.750000,-43.500000,90.000000,top
"R1205","10k","R_0402_1005Metric",31.750000,-49.750000,0.000000,top
"R1206","56k","R_0402_1005Metric",34.250000,-57.250000,90.000000,top
"R1207","10k","R_0402_1005Metric",31.250000,-53.500000,90.000000,top
"R1208","15.8k","R_0402_1005Metric",44.000000,-44.500000,0.000000,top
"R1209","10k","R_0402_1005Metric",50.750000,-100.750000,90.000000,top
"R1210","0.51","R_0805_2012Metric",32.500000,-96.000000,0.000000,top
"R1211","0.51","R_0805_2012Metric",32.000000,-92.500000,90.000000,top
"R1212","22.1","R_0603_1608Metric",47.750000,-91.500000,0.000000,top
"R1213","47","R_0603_1608Metric",43.250000,-91.500000,0.000000,top
"R1214","0","R_1206_3216Metric",39.850000,-104.250000,-90.000000,top
"R1215","75","R_0603_1608Metric",43.350000,-105.230000,90.000000,top
"R1216","75","R_0603_1608Metric",45.150000,-105.230000,90.000000,top
"R1301","12.0k","R_0402_1005Metric",110.700000,-58.349999,-90.000000,top
"R1302","2.00k","R_0402_1005Metric",116.950000,-58.349999,-90.000000,top
"R1303","10k","R_0402_1005Metric",108.150000,-54.500000,0.000000,top
"R1306","75","R_0603_1608Metric",141.000000,-53.750000,90.000000,top
"R1307","75","R_0603_1608Metric",141.750000,-49.750000,0.000000,top
"R1310","200","R_0402_1005Metric",121.650000,-44.349999,180.000000,top
"R1311","200","R_0402_1005Metric",121.650000,-45.450000,180.000000,top
"R1312","200","R_0402_1005Metric",140.750000,-56.750000,90.000000,top
"S1","SW_KMR211NGLFS_SMD","SW_KMR211NGLFS_SMD",104.000000,-125.900000,0.000000,top
"S2","SW_KMR211NGLFS_SMD","SW_KMR211NGLFS_SMD",122.900000,-125.900000,180.000000,top
"S3","SW_KMR211NGLFS_SMD","SW_KMR211NGLFS_SMD",128.900000,-125.900000,180.000000,top
"S4","SW_KMR211NGLFS_SMD","SW_KMR211NGLFS_SMD",64.200000,-125.900000,0.000000,top
"S5","SW_KMR211NGLFS_SMD","SW_KMR211NGLFS_SMD",83.900000,-125.900000,0.000000,top
"SP7","Spacer_Drill3.7mm_H2.5mm_9774025151R","Spacer_Drill3.7mm_H2.5mm_9774025151R",79.250000,-95.150000,0.000000,top
"U1","SIC431AED-T1-GE3","MLP44-24L_4x4x0.75mm",62.670000,-97.435000,-90.000000,top
"U29","TPS259474","VQFN-HR-10_2x2mm",56.730000,-90.050000,180.000000,top
"U30","TPD4E05U06QDQARQ1","USON-10_2.5x1mm_P0.5mm",131.700000,-108.650000,0.000000,top
"U33","NTS0102_XSON","XSON-8_1x1.95mm_P0.5mm",56.900000,-105.100000,180.000000,top
"U40","SIC431AED-T1-GE3","MLP44-24L_4x4x0.75mm",77.150000,-89.415000,0.000000,top
"U1001","NTS0102","XSON-8_1x1.95mm_P0.5mm",81.750000,-60.750000,90.000000,top
"U1101","TPS259474","VQFN-HR-10_2x2mm",65.750000,-61.250000,90.000000,top
"U1201","LM5155","WSON-12-1EP_3x2mm_P0.5mm_EP1x2.65",38.750000,-51.250000,180.000000,top
"U1202","TPS23861","TSSOP-28_4.4x9.7mm_P0.65mm",43.750000,-97.250000,90.000000,top
"U1301","LAN7800","QFN-48-1EP_7x7mm_P0.5mm_EP5.3x5.3mm_ThermalVias",113.750000,-52.250000,180.000000,top
