"Designator","Value","Footprint","MPN","Manufacturer","Qty"
"C201-C204","1u 16V","Capacitor_SMD:C_0603_1608Metric","","","4"
"C205,C503,C905","1u 25V","Capacitor_SMD:C_0603_1608Metric","","","3"
"C206,C505","1u 6.3V","Capacitor_SMD:C_0402_1005Metric","","","2"
"C207,C304,C403,C406,C506,C530-C532,C601-C604,C610,C613,C615,C619,C620,C710,C801-C806,C808,C809,C813,C815,C1001,C1002,C1004","100n","Capacitor_SMD:C_0402_1005Metric","","","31"
"C301","680n","Capacitor_SMD:C_0402_1005Metric","","","1"
"C302","2.2u 25V","Capacitor_SMD:C_0805_2012Metric","","","1"
"C303,C408,C501,C711,C714,C721,C904","100n 50V","Capacitor_SMD:C_0402_1005Metric","","","7"
"C401","1u 50V","Capacitor_SMD:C_0603_1608Metric","","","1"
"C402,C608,C609","2.2u","Capacitor_SMD:C_0603_1608Metric","","","3"
"C404,C508,C514,C520,C529,C607","10n","Capacitor_SMD:C_0402_1005Metric","","","6"
"C405,C412,C606,C614,C812","1u","Capacitor_SMD:C_0603_1608Metric","","","5"
"C407","4.7u 50V","Capacitor_SMD:C_1206_3216Metric","","","1"
"C409","100n 16V","Capacitor_SMD:C_0402_1005Metric","","","1"
"C410,C411","22u 10V","Capacitor_SMD:C_0805_2012Metric","","","2"
"C413,C704,C705,C707","10u 10V","Capacitor_SMD:C_0805_2012Metric","","","4"
"C502,C509-C512,C515-C518,C521-C524,C901-C903","10u 50V","Capacitor_SMD:C_1210_3225Metric","GRM32ER71H106KA12L","","16"
"C504","47n 50V","Capacitor_SMD:C_0603_1608Metric","","","1"
"C507,C513,C519,C616-C618","1n","Capacitor_SMD:C_0402_1005Metric","","","6"
"C525-C528","330u 35V","Capacitor_SMD:CP_Elec_10x10","EEH-ZU1V331P","Panasonic","4"
"C605,C807,C814","4.7u","Capacitor_SMD:C_0603_1608Metric","","","3"
"C611,C612,C810,C811","18p","Capacitor_SMD:C_0402_1005Metric","","","4"
"C701","4.7u 25V","Capacitor_SMD:C_0805_2012Metric","","","1"
"C702,C703","390p","Capacitor_SMD:C_0402_1005Metric","","","2"
"C706,C718","4.7u 10V","Capacitor_SMD:C_0603_1608Metric","","","2"
"C708,C709","22u 25V","Capacitor_SMD:C_1206_3216Metric","","","2"
"C712,C713,C715-C717,C722-C728","10u 25V","Capacitor_SMD:C_0805_2012Metric","","","12"
"C719,C720","47n 16V","Capacitor_SMD:C_0402_1005Metric","","","2"
"C906-C909","47u 16V","Capacitor_SMD:C_1210_3225Metric","GRM32EC81C476ME15L","Murata","4"
"C910","220u 16V","Capacitor_SMD:CP_Elec_8x10","16SVPF220M","Panasonic","1"
"C911,C913","1u 50V","Capacitor_SMD:C_0805_2012Metric","","","2"
"C912","22n","Capacitor_SMD:C_0402_1005Metric","","","1"
"C1003","10n 50V","Capacitor_SMD:C_0402_1005Metric","","","1"
"D101,D901","SMBJ20A","Diode_SMD:D_SMB","SMBJ20A","Littelfuse","2"
"D301,D602","RED","LED_SMD:LED_0603_1608Metric","","","2"
"D302","SMCJ20A","Diode_SMD:D_SMC","SMCJ20A","Littelfuse","1"
"D401","BAT54WS","Diode_SMD:D_SOD-323","BAT54WS","Nexperia","1"
"D402","PMEG6010CEH","Diode_SMD:D_SOD-123F","PMEG6010CEH","Nexperia","1"
"D403,D601","GREEN","LED_SMD:LED_0603_1608Metric","","","2"
"D501","PESD5V0S1BA","Diode_SMD:D_SOD-323","PESD5V0S1BA","Nexperia","1"
"D603","NUP2105L","Package_TO_SOT_SMD:SOT-23","NUP2105LT1G","onsemi","1"
"D701","TPD4E05U06","Package_SON:USON-10_2.5x1.0mm_P0.5mm","TPD4E05U06DQAR","Texas Instruments","1"
"D702","SMF24A","Diode_SMD:D_SOD-123F","SMF24A","Littelfuse","1"
"D703","AMBER","LED_SMD:LED_0603_1608Metric","","","1"
"D801","BLUE","LED_SMD:LED_0603_1608Metric","","","1"
"D802","MMSZ4684","Diode_SMD:D_SOD-123","MMSZ4684T1G","onsemi","1"
"D803","GREEN","LED_SMD:LED_0402_1005Metric","","","1"
"D804","YELLOW","LED_SMD:LED_0402_1005Metric","","","1"
"FB601","600R@100MHz","Inductor_SMD:L_0603_1608Metric","BLM18KG601SN1D","Murata","1"
"J103","PACK_SENSE","Connector_JST:JST_XH_S7B-XH-A_1x07_P2.50mm_Horizontal","S7B-XH-A(LF)(SN)","JST","1"
"J401","BTN_EXT","Connector_JST:JST_PH_S2B-PH-K_1x02_P2.00mm_Horizontal","S2B-PH-K-S(LF)(SN)","JST","1"
"J504","ESTOP","Connector_JST:JST_PH_B2B-PH-K_1x02_P2.00mm_Vertical","B2B-PH-K-S(LF)(SN)","JST","1"
"J601","SWD","Connector_PinHeader_1.27mm:PinHeader_2x05_P1.27mm_Vertical_SMD","FTSH-105-01-L-DV-K","Samtec","1"
"J602","CAN","Connector_JST:JST_GH_BM04B-GHS-TBT_1x04-1MP_P1.25mm_Vertical","BM04B-GHS-TBT(LF)(SN)(N)","JST","1"
"J603","HALL","Connector_JST:JST_ZH_B6B-ZR_1x06_P1.50mm_Vertical","B6B-ZR(LF)(SN)","JST","1"
"J701","USB_C_16P","Connector_USB:USB_C_Receptacle_GCT_USB4105-xx-A_16P_TopMnt_Horizontal","USB4105-GF-A","GCT","1"
"J901","SERVO","Connector_PinHeader_2.54mm:PinHeader_1x03_P2.54mm_Vertical","","","1"
"J902","LIDAR_PWR","TerminalBlock_Phoenix:TerminalBlock_Phoenix_PT-1,5-2-3.5-H_1x02_P3.50mm_Horizontal","1984617","Phoenix Contact","1"
"J903","FAN","Connector:FanPinHeader_1x04_P2.54mm_Vertical","","","1"
"J1001","STACK_2x20","Connector_PinSocket_2.54mm:PinSocket_2x20_P2.54mm_Vertical","SSQ-120-03-G-D","Samtec","1"
"L401","22u","Inductor_SMD:L_Bourns-SRN4018","SRN4018-220M","Bourns","1"
"L701","1u","Inductor_SMD:L_Coilcraft_XAL5030-XXX","XAL5030-102MEB","Coilcraft","1"
"Q201-Q208,Q302-Q306,Q502-Q505,Q507-Q510,Q512-Q515","CSD18510Q5B","Package_TO_SOT_SMD:TDSON-8-1","CSD18510Q5B","Texas Instruments","25"
"Q301","MMBT3904","Package_TO_SOT_SMD:SOT-23","MMBT3904LT1G","onsemi","1"
"Q401,Q501,Q506,Q511","2N7002K","Package_TO_SOT_SMD:SOT-23","2N7002K","onsemi / Nexperia","4"
"R201-R205","33","Resistor_SMD:R_0805_2012Metric","","","5"
"R206,R217,R310-R313,R403,R409,R532,R603,R604,R617,R619,R621,R810,R813,R814,R1005","1k","Resistor_SMD:R_0402_1005Metric","","","18"
"R207,R306,R405,R408,R501-R503,R531,R534,R601,R602,R612,R622,R625,R701-R704,R708,R713,R803,R804,R808,R811,R1001,R1002","10k","Resistor_SMD:R_0402_1005Metric","","","26"
"R208","750k","Resistor_SMD:R_0402_1005Metric","","","1"
"R209,R210","470k","Resistor_SMD:R_0402_1005Metric","","","2"
"R211,R216,R218","1M","Resistor_SMD:R_0402_1005Metric","","","3"
"R212,R213,R302,R505,R513,R521,R533,R605,R606,R608,R610,R623,R705,R812,R906","100","Resistor_SMD:R_0402_1005Metric","","","15"
"R214","0.5m","Resistor_SMD:R_Shunt_Isabellenhuette_BVR4026","BVR-Z-R0005-1.0","Isabellenhuette","1"
"R215","4.53k","Resistor_SMD:R_0402_1005Metric","","","1"
"R301,R512,R520,R528","0.2m","Resistor_SMD:R_Shunt_Isabellenhuette_BVR4026","BVR-Z-R0002-1.0","Isabellenhuette","4"
"R303","4.02k","Resistor_SMD:R_0402_1005Metric","","","1"
"R304","39.2k","Resistor_SMD:R_0402_1005Metric","","","1"
"R305","5.1k","Resistor_SMD:R_0402_1005Metric","","","1"
"R307-R309,R401,R402,R404,R504,R607,R609,R611,R710,R801,R809,R901,R904,R907,R909,R911,R912","100k","Resistor_SMD:R_0402_1005Metric","","","19"
"R314-R317,R508-R511,R516-R519,R524-R527","2.2","Resistor_SMD:R_0402_1005Metric","","","16"
"R318,R805","470","Resistor_SMD:R_0402_1005Metric","","","2"
"R319,R320","22","Resistor_SMD:R_2512_6332Metric","CRCW251222R0FKEGHP","Vishay","2"
"R406","10","Resistor_SMD:R_0603_1608Metric","","","1"
"R407","54.9k","Resistor_SMD:R_0402_1005Metric","","","1"
"R506,R514,R522,R529,R709","39k","Resistor_SMD:R_0402_1005Metric","","","5"
"R507,R515,R523,R530,R712","2.2k","Resistor_SMD:R_0402_1005Metric","","","5"
"R613,R614,R616,R618,R620","4.7k","Resistor_SMD:R_0402_1005Metric","","","5"
"R615","120","Resistor_SMD:R_0402_1005Metric","","","1"
"R624","220","Resistor_SMD:R_0402_1005Metric","","","1"
"R706","5.23k","Resistor_SMD:R_0402_1005Metric","","","1"
"R707","30.1k","Resistor_SMD:R_0402_1005Metric","","","1"
"R711","17.4k","Resistor_SMD:R_0402_1005Metric","","","1"
"R802","12.0k","Resistor_SMD:R_0402_1005Metric","","","1"
"R806,R807","47k","Resistor_SMD:R_0402_1005Metric","","","2"
"R902","16.2k","Resistor_SMD:R_0402_1005Metric","","","1"
"R903","15.8k","Resistor_SMD:R_0402_1005Metric","","","1"
"R905","15.4k","Resistor_SMD:R_0402_1005Metric","","","1"
"R908","732k","Resistor_SMD:R_0402_1005Metric","","","1"
"R910","12k","Resistor_SMD:R_0402_1005Metric","","","1"
"R1003,R1004","10","Resistor_SMD:R_0402_1005Metric","","","2"
"SW401","POWER","Button_Switch_SMD:SW_Push_1P1T_NO_CK_KMR2","KMR211NG LFS","C&K","1"
"SW801","FLASH","Button_Switch_SMD:SW_SPDT_PCM12","PCM12SMTR","C&K","1"
"TH501","10k B3380","Resistor_SMD:R_0402_1005Metric","NCP15XH103F03RC","Murata","1"
"U201","BQ7791508","Package_SO:TSSOP-24_4.4x7.8mm_P0.65mm","BQ7791508PWR","Texas Instruments","1"
"U301","TPS48111-Q1","atlas:TI_DGX0019A_VSSOP-19_3x5.1mm_P0.5mm","TPS48111QDGXRQ1","Texas Instruments","1"
"U401","TPS70933","Package_TO_SOT_SMD:SOT-23-5","TPS70933DBVR","Texas Instruments","1"
"U402","SN74LVC1G74","Package_SO:VSSOP-8_2.3x2mm_P0.5mm","SN74LVC1G74DCUR","Texas Instruments","1"
"U403","74LVC1G34","Package_TO_SOT_SMD:SOT-353_SC-70-5","SN74LVC1G34DCKR","Texas Instruments","1"
"U404","TLV75533P","Package_SON:WSON-6-1EP_2x2mm_P0.65mm_EP1x1.6mm","TLV75533PDRVR","Texas Instruments","1"
"U501","DRV8323RS","Package_DFN_QFN:Texas_RGZ0048A_VQFN-48-1EP_7x7mm_P0.5mm_EP5.15x5.15mm_ThermalVias","DRV8323RSRGZR","Texas Instruments","1"
"U502","74LVC1G08","Package_TO_SOT_SMD:SOT-353_SC-70-5","SN74LVC1G08DCKR","Texas Instruments","1"
"U601","STM32F405RGT6","Package_QFP:LQFP-64_10x10mm_P0.5mm","STM32F405RGT6","STMicroelectronics","1"
"U602","LSM6DS3TR-C","Package_LGA:LGA-14_3x2.5mm_P0.5mm_LayoutBorder3x4y","LSM6DS3TR-C","STMicroelectronics","1"
"U603","SN65HVD230","Package_SO:SOIC-8_3.9x4.9mm_P1.27mm","SN65HVD230DR","Texas Instruments","1"
"U604","74AHCT1G125","Package_TO_SOT_SMD:SOT-353_SC-70-5","SN74AHCT1G125DCKR","Texas Instruments","1"
"U701","TPS25751D","atlas:Texas_REF0038A_WQFN-38-2EP_6x4mm_P0.4_Gap0.19","TPS25751DREFR","Texas Instruments","1"
"U702","M24512","Package_SO:SOIC-8_3.9x4.9mm_P1.27mm","M24512-RMN6TP","STMicroelectronics","1"
"U703","BQ25798","Package_DFN_QFN:Texas_RQM0029A_VQFN-29_4x4mm_P0.4mm","BQ25798RQMR","Texas Instruments","1"
"U801,U802","TS3USB30E","Package_SO:MSOP-10_3x3mm_P0.5mm","TS3USB30EDGSR","Texas Instruments","2"
"U803","USB2514B","Package_DFN_QFN:QFN-36-1EP_6x6mm_P0.5mm_EP3.7x3.7mm","USB2514B-I/M2","Microchip","1"
"U804","CP2102N-QFN24","Package_DFN_QFN:QFN-24-1EP_4x4mm_P0.5mm_EP2.6x2.6mm","CP2102N-A02-GQFN24","Silicon Labs","1"
"U901","TPSM63610","atlas:TI_RDF0022A_B3QFN-22_6.5x7.5mm","TPSM63610RDFR","Texas Instruments","1"
"U902","TPS26600","Package_SO:HTSSOP-16-1EP_4.4x5mm_P0.65mm_EP3.4x5mm","TPS26600PWPR","Texas Instruments","1"
"U1001","INA228","Package_SO:MSOP-10_3x3mm_P0.5mm","INA228AIDGSR","Texas Instruments","1"
"U1002","24AA02","Package_TO_SOT_SMD:SOT-23-5","24AA02T-I/OT","Microchip","1"
"Y601","8MHz","Crystal:Crystal_SMD_3225-4Pin_3.2x2.5mm","","","1"
"Y801","24MHz","Crystal:Crystal_SMD_3225-4Pin_3.2x2.5mm","","","1"
