line,usd
Drive board (parts + fab x5 + assembly x1),525.70
Brain board / Jetson carrier (parts + fab x5 + assembly x1),563.90
"18650 pack materials (cells, nickel, insulation, leads)",134.20
Lens,144.00
"Charger, cable, fan, thermal pad, hardware",94.99
"NEW PURCHASES, total",1462.79
"Still-needed items already on the sheet (Jetson dev kit, NVMe)",459.00
CAR V2 TOTAL (new purchases + sheet items),1921.79
Conditional: camera M12 cable (skip if LUCID includes one),30.00
Optional: spot welder (only if the lab has none),304.51
Worst case (everything above),2256.30
"Phase 1 only (drive board + pack + kit, Jetson on its dev-kit carrier)",1357.89
